"NOM","PRENOM","NOMPRENOM","PHOTO","NOM_COURT","PRENOM_COURT"
"Nom1","Prénom1","NomPrénom1",,,
"Nom2","Prénom2",,,,
"Nom3","Prénom3",,1,,
"Nom4","Prénom4",,,,
"Nom5","Prénom5",,,,
"Nom6","Prénom6",,,,
"Nom7","Prénom7",,,,
"Nom8","Prénom8",,,,
"Nom9","Prénom9","NomPrénom9",,,
"Nom10","Prénom10","NomPrénomTresTropLongPourTenir10",,,
"Nom11","Prénom11",,,,
"Nom12","Prénom12",,,,
"Nom13","Prénom13",,,,
"Nom14","Prénom14",,,,
"Nom15","Prénom15",,,,
"Nom16","Prénom16",,,,
"Nom17","Prénom17",,,,
"Nom18","Prénom18",,,,
"Nom19","Prénom19",,,,
"Nom20","Prénom20",,,,
"Nom21","Prénom21",,,,
"Nom22","Prénom22",,,,
"Nom23","Prénom23",,,,
"Nom24","Prénom24",,,,
"Nom25","Prénom25",,,,
"Nom26","Prénom26",,,,
"Nom27","Prénom27",,,,
"Nom28","Prénom28",,,,
"Nom29","Prénom29",,,,
"Nom30","Prénom30",,,,
"Nom31","Prénom31",,,,
"Nom32","Prénom32",,,,
"Nom33","Prénom33",,,,
"Nom34","Prénom34",,,,
"Nom35","Prénom35",,,,
"Nom36","Prénom36",,,,
"Nom37","Prénom37",,,,
"Nom38","Prénom38",,,,
"Nom39","Prénom39",,,,
"Nom40","Prénom40",,,,
"Nom41","Prénom41",,,,
"Nom42","Prénom42",,,,
"Nom43","Prénom43",,,,
"Nom44","Prénom44",,,,
"Nom45","Prénom45",,,,
"Nom46","Prénom46",,,,
"Nom47","Prénom47",,,,
"Nom48","Prénom48",,,,
"Nom49","Prénom49",,,,
"Nom50","Prénom50",,,,
"Nom51","Prénom51",,,,
"Nom52","Prénom52",,,,
"Nom53","Prénom53",,,,
"Nom54","Prénom54",,,,
"Nom55","Prénom55",,,,
"Nom56","Prénom56",,,,
"Nom57","Prénom57",,,,
"Nom58","Prénom58",,,,
"Nom59","Prénom59",,,,
"Nom60","Prénom60",,,,
"Nom61","Prénom61",,,,
"Nom62","Prénom62",,,,
"Nom63","Prénom63",,,,
"Nom64","Prénom64",,,,
"Nom65","Prénom65",,,,
"Nom66","Prénom66",,,,
"Nom67","Prénom67",,,,
"Nom68","Prénom68",,,,
"Nom69","Prénom69",,,,
"Nom70","Prénom70",,,,
"Nom71","Prénom71",,,,
"Nom72","Prénom72",,,,
"Nom73","Prénom73",,,,
"Nom74","Prénom74",,,,
"Nom75","Prénom75",,,,
"Nom76","Prénom76",,,,
"Nom77","Prénom77",,,,
"Nom78","Prénom78",,,,
"Nom79","Prénom79",,,,
"Nom80","Prénom80",,,,
"Nom81","Prénom81",,,,
"Nom82","Prénom82",,,,
"Nom83","Prénom83",,,,
"Nom84","Prénom84",,,,
"Nom85","Prénom85",,,,
"Nom86","Prénom86",,,,
"Nom87","Prénom87",,,,
"Nom88","Prénom88",,,,
"Nom89","Prénom89",,,,
"Nom90","Prénom90",,,,
"Nom91","Prénom91",,,,
"Nom92","Prénom92",,,,
"Nom93","Prénom93",,,,
"Nom94","Prénom94",,,,
"Nom95","Prénom95",,,,
"Nom96","Prénom96",,,,
"Nom97","Prénom97",,,,
"Nom98","Prénom98",,,,
"Nom99","Prénom99",,,,
"Nom100","Prénom100",,,,
"Nom101","Prénom101",,,,
"Nom102","Prénom102",,,,
"Nom103","Prénom103",,,,
"Nom104","Prénom104",,,,
"Nom105","Prénom105",,,,
"Nom106","Prénom106",,,,
"Nom107","Prénom107",,,,
"Nom108","Prénom108",,,,
"Nom109","Prénom109",,,,
"Nom110","Prénom110",,,,
"Nom111","Prénom111",,,,
"Nom112","Prénom112",,,,
"Nom113","Prénom113",,,,
"Nom114","Prénom114",,,,
"Nom115","Prénom115",,,,
"Nom116","Prénom116",,,,
"Nom117","Prénom117",,,,
"Nom118","Prénom118",,,,
"Nom119","Prénom119",,,,
